V1,V2,V3,V4
-0.34406096129511743,-0.33328340431839165,-0.3202053630697575,-0.3264785779947684
-0.32916255956723783,-0.2956362881646384,-0.3543073613095228,-0.3440368210491092
-0.3546429651676866,-0.32479094406034525,-0.33946019798598404,-0.32958951595248426
-0.3047611333152289,-0.3313671630180483,-0.338015187329758,-0.3618145790658228
-0.3255963578847205,-0.3930101443986133,-0.36123936092950903,-0.32557137998020586
-0.31307516955379044,-0.3451571741926113,-0.3132382225581367,-0.32268781104310174
-0.34217756530526894,-0.34802748053732746,-0.3129009639425641,-0.32019247592646854
-0.30279395037939993,-0.3248754250882337,-0.33142677478142424,-0.35950628118496286
-0.35154763157115604,-0.3352897951269765,-0.352206677548369,-0.35829676317793085
-0.33095382648841165,-0.3198869803842839,-0.3344794593120001,-0.3463155105656249
-0.3255004676088054,-0.31507976514159775,-0.31854669240980354,-0.3217921584968409
-0.3079009833220666,-0.30444224865897607,-0.31048016404786555,-0.31224489392894306
-0.3118904592503406,-0.305185386016863,-0.2946157117312173,-0.3430733280399411
-0.3094137885916273,-0.3454814793210214,-0.33675481974984794,-0.34904348637849536
-0.34005412380571365,-0.30938346066741784,-0.3383151509571868,-0.32395543000867827
-0.3667749833392312,-0.36018960997881955,-0.3357364846097981,-0.3318125158675851
-0.3277864130172715,-0.30127442723512293,-0.32544580464860284,-0.3449334376780327
-0.3339150415384105,-0.33514431057242594,-0.3271477218785562,-0.31148287104358613
-0.36603297204944474,-0.3085524144584405,-0.32481186587037847,-0.35045595611353136
-0.3199002733062593,-0.3294372202128996,-0.31644049009479525,-0.33273925268706167
-0.2885782726206538,-0.3420380499937942,-0.3312135211141192,-0.32790205727672356
-0.32650377133504105,-0.30047036967829355,-0.3067769612264138,-0.35419802051202026
-0.31020781017326926,-0.34124099160968907,-0.33081640722311995,-0.3373668697842644
-0.33745013761754744,-0.3422470932680982,-0.35656401682775934,-0.32589967920527785
-0.3192154442201753,-0.3530275386162315,-0.31331182831823773,-0.3230399536430829
-0.31252960377808464,-0.34692860794605607,-0.33444201939849644,-0.3243320659912282
-0.3236829755831801,-0.32487191883451927,-0.3437139196755413,-0.34377350998685013
-0.3154960193006537,-0.33701390152041916,-0.31543238965606646,-0.29086775161331396
-0.34347546033923443,-0.35380874529658235,-0.34431027908417233,-0.3105531594067165
-0.31641287950394426,-0.3141106253435999,-0.3237714565164704,-0.3316561947054979
-0.3406867790555209,-0.33421268927909437,-0.3293720361973337,-0.3362373967211248
-0.32969795297451643,-0.35435977897450777,-0.3091548164384804,-0.30645957507624716
-0.31139544547404274,-0.3233075523369532,-0.2931049139772817,-0.31581940162804706
-0.3289856430602895,-0.34349617296203466,-0.3409144206749293,-0.3408149856520563
-0.3160381421351256,-0.33751699852303185,-0.3302720286205266,-0.3490813899970853
-0.3264691405264838,-0.3338377223307956,-0.34490333789695055,-0.3174046782022396
-0.36845474386188554,-0.3306910514140598,-0.33772050076642585,-0.31803593787521967
-0.3478916360936815,-0.3288086431261447,-0.3210910366181433,-0.3312256651462312
-0.31176885150513395,-0.3046504685678843,-0.32163170676146813,-0.32834279991162685
-0.3003043033980022,-0.3155560203773709,-0.32977071029064126,-0.3020949436110952
-0.3439804965798867,-0.34726739594682565,-0.3142151793797552,-0.3155487268042796
-0.3555956310164084,-0.32956083875297887,-0.29293138524082174,-0.3390828862863394
-0.3451861415469674,-0.34344868268929607,-0.3172594420509392,-0.31203045022393877
-0.3425468407616456,-0.3366543006321437,-0.3070981139687342,-0.33944806553700374
-0.31136812594578617,-0.35472397586304294,-0.3176441815845227,-0.371790787362613
-0.37831021304783974,-0.3211361867065285,-0.3393657780442362,-0.31198966535736544
-0.30694139476983084,-0.3343569718144855,-0.34504271172813367,-0.36116493384176585
-0.35266630303634805,-0.3108197127666491,-0.31646121601975985,-0.3250319164306449
-0.3315597349905769,-0.3286054106742495,-0.36121586647393905,-0.35019579345016427
-0.33493324804185476,-0.3125175406539585,-0.3480169777961121,-0.31631812244778784
-0.33681561941591526,-0.3471413778484291,-0.3469241789602536,-0.3237389978375756
-0.31847272586491776,-0.3512192929910656,-0.34391502346437414,-0.3080788232044619
-0.3221065291784523,-0.32730311379542554,-0.33076599637371,-0.3452890802336265
-0.3334322955776232,-0.3335397405368492,-0.33114404591376384,-0.3137828848188119
-0.29598667855109334,-0.337144458354455,-0.33687203198935806,-0.30631867687820324
-0.30601682597098107,-0.3413166613460969,-0.30642475237404376,-0.3392372986907036
-0.35531787703309464,-0.35399957018309713,-0.34496151587288165,-0.3351826295976613
-0.34941664065068395,-0.36177828671051593,-0.34079569464962317,-0.33129593357780157
-0.3484696615097373,-0.3155370112386188,-0.31251535885341725,-0.3597851455698276
-0.33007841647617336,-0.31252369476054487,-0.3134516433033014,-0.3244060932803957
-0.32418539859634066,-0.3201566429466234,-0.34161835774996613,-0.34942565181200086
-0.33229923433268976,-0.3067793166890208,-0.3302723991698558,-0.34383459117291687
-0.34751077603391484,-0.3115302909972636,-0.3420642421087153,-0.3355849629781032
-0.29927164679971835,-0.3505223754220562,-0.32319013283363557,-0.3194433270929741
-0.3134692135778334,-0.3375964071712467,-0.37089620939203904,-0.3142753697176138
-0.316351875829548,-0.34215474487332775,-0.34454190538442164,-0.3179452896326931
-0.3296343547492699,-0.30261131459534096,-0.30252703264939906,-0.2976991364591899
-0.31434374927306574,-0.316447253173767,-0.3412832140664833,-0.29849179393256964
-0.32415689878826465,-0.35121559631272936,-0.30917123811197134,-0.3440724876177976
-0.35946492540106756,-0.3361708853101225,-0.30925297253251516,-0.3353607987672599
-0.3180205767921605,-0.35213350618834993,-0.33301802565353694,-0.30628455049036934
-0.3129370326580465,-0.3438180488979018,-0.3270571514424565,-0.3089614067332163
-0.31277578895063246,-0.3129244593124859,-0.3423423710730087,-0.313114501700773
-0.36966727203163685,-0.30522492807047286,-0.3059998638338795,-0.3356012222945925
-0.3316441224489245,-0.3444039264800205,-0.3238687663608958,-0.3223101144173034
-0.308153859015233,-0.3464215938456338,-0.3103791454238666,-0.3160670755706038
-0.3312659581800763,-0.3358297016158463,-0.3152840891546316,-0.30925801304546713
-0.3128615046850423,-0.324603404058537,-0.34042670107894796,-0.33981056138858085
-0.38605113115123457,-0.3707859972106076,-0.3247505746022158,-0.3318719249034603
-0.35382141290163155,-0.30678561474699456,-0.33984296889052173,-0.35269838503121637
-0.33240154051691373,-0.340024175704685,-0.33189012052535855,-0.33337547657098143
-0.3733058726620119,-0.33597839387100153,-0.33113248202849793,-0.36834030743509005
-0.3175693356150726,-0.3204729005887253,-0.31158685398308483,-0.33981822165791836
-0.31777996874563647,-0.29889503930074496,-0.3410143908548274,-0.3607345975253698
-0.3348505541674645,-0.35914953675276445,-0.3271897599558405,-0.33550859292914215
-0.33505487325408667,-0.30197933709108526,-0.3086063301202562,-0.3226588144691032
-0.3262541616679118,-0.35591548647207955,-0.3427129458924793,-0.3365196369892636
-0.3227201867263919,-0.30662223449409903,-0.29992702973534274,-0.3435949593864997
-0.31834950968936554,-0.32951961831386545,-0.3382100892265133,-0.35115483952340676
-0.3205019308470057,-0.29876279759435376,-0.32545377924570457,-0.32996118932548046
-0.3724230049986976,-0.3399278504016425,-0.3212976447815019,-0.2906467683243823
-0.3430511031961766,-0.3302329194737876,-0.313336442750387,-0.32552464839653644
-0.3397864000240089,-0.2984759250928908,-0.33460435197614524,-0.33634829126454313
-0.33443071746791436,-0.35258677523043225,-0.35058044049697645,-0.3121101949677785
-0.36130195160912076,-0.32402997476799705,-0.34761926773264973,-0.30760851092862207
-0.34890908691942357,-0.3222237575482696,-0.3285408204144482,-0.32388459612263665
-0.3417219046398732,-0.34945368668172166,-0.32009630387970084,-0.3160067956517718
-0.33797256430072076,-0.3330856608051955,-0.2918195596483175,-0.3401824801427598
-0.3305130166506594,-0.34644975851801435,-0.3378076146623083,-0.3215864746054382
-0.3396143293600207,-0.3233117623128854,-0.31450316189808986,-0.3584105156965149
-0.33465907721388327,-0.3110485521741863,-0.3140530794827316,-0.31739946424628496
-0.3495122288401711,-0.33783125185742685,-0.3621714237335258,-0.3212426997427726
-0.3140042034007436,-0.3509234636818492,-0.30913045073597506,-0.3015756214940107
-0.33253752246927615,-0.3495899269789084,-0.3136699477576418,-0.3356043779677479
-0.286609696368797,-0.37953926964407597,-0.3232400686587404,-0.3035174130104544
-0.30268646118071946,-0.32051707586281253,-0.31091677269600254,-0.33179024047409095
-0.33277513399722425,-0.35602679058475306,-0.3343720787965956,-0.31446144690083855
-0.29136363960580275,-0.34934047894353504,-0.34961086171804,-0.30602865048721367
-0.32532236962662237,-0.3171395333051705,-0.31847525340439764,-0.30599931542047243
-0.30868372452807613,-0.32368955366001534,-0.31232250647862003,-0.3552656618425214
-0.31300842813367336,-0.310442238271397,-0.3366766741634665,-0.32767825550733304
-0.3410152473216993,-0.3347161528908851,-0.34985946950295244,-0.30375766653532305
-0.3024124398287907,-0.33462521139762075,-0.301955592648983,-0.3133224117194509
-0.3141987209441586,-0.34436576769507576,-0.3027494451203487,-0.3315992032308094
-0.325504295754196,-0.30715339084400456,-0.31596387927737973,-0.3300924803906649
-0.33704420836708726,-0.35175887707004316,-0.374790233413843,-0.3043872739039846
-0.349318881184018,-0.32648162031876343,-0.3667180690188635,-0.3209971679705804
-0.3065603985772849,-0.32411088416131995,-0.3680573050921709,-0.3077223186472894
-0.3592162080854122,-0.3254149430032242,-0.33311287594187655,-0.32162607048398567
-0.32925638017691256,-0.3270937748274536,-0.3569322512279888,-0.30540560122496685
-0.33966538417010167,-0.313510664037947,-0.2984033978850423,-0.31297431920245306
-0.32016135925386807,-0.3112374939761615,-0.3157461060524275,-0.3208953348619536
-0.3354700110462344,-0.30960660867193424,-0.35811853954018985,-0.32398221826581064
-0.332400833524,-0.33300128392081435,-0.32720811281115664,-0.33678406363919067
-0.3033347470630603,-0.3404411936835489,-0.3858698288767132,-0.330136255145464
-0.35433188526436066,-0.32668155409905947,-0.33006007576579016,-0.36059805357173635
-0.29661834558912653,-0.34097960237490543,-0.3172295567504299,-0.32706493034566547
-0.2992891832132112,-0.3149199436858832,-0.3850029245262204,-0.34043234197461303
-0.32024271790906766,-0.3421246232091,-0.32046951869942936,-0.33610565371740464
-0.3308857610123751,-0.34662707735429515,-0.28712745365323833,-0.34358990603451695
-0.32482495143975837,-0.33227034023828605,-0.349777895373342,-0.298247075673264
-0.36898929417006326,-0.3159775800334888,-0.3351522346131215,-0.33460313979197803
-0.3281436880309327,-0.3534098366954293,-0.37625925569561175,-0.33156110647937037
-0.3551636536073613,-0.36393026233324466,-0.3324985659165646,-0.32102911030932774
-0.34734918643993373,-0.31206548082417757,-0.3050467872521732,-0.34264694762625886
-0.3199498188434756,-0.32592764760283666,-0.322490567926848,-0.34146119714062473
-0.29577749624784444,-0.35474413570013824,-0.31868043633645016,-0.32600764413800504
-0.3344207876540967,-0.34213982447447533,-0.31764951125232943,-0.3375714823886422
-0.32920940038593577,-0.3259576735824921,-0.303269152674297,-0.3367900494186382
-0.3443902422205518,-0.32151841266236836,-0.3104772594784812,-0.32868054632687604
-0.30501833627885055,-0.35634594275500403,-0.2949561053614185,-0.34000335613466737
-0.337633728876916,-0.28865019466955716,-0.3161187160703952,-0.2954942759268148
-0.36616873558266827,-0.33197475212146416,-0.32241488567570614,-0.33058392472797776
-0.35391175593245955,-0.34806929353996746,-0.3444515488126311,-0.33932405632819224
-0.3305457796166197,-0.3391513200659891,-0.3299562105142225,-0.32538122522771834
-0.34578746925659515,-0.334973722441447,-0.34441036792318697,-0.34402640648958976
-0.3128913974186828,-0.34373441216534356,-0.3273753036156779,-0.36926663561313483
-0.30624370703036774,-0.3534987148554574,-0.37265497148719434,-0.3214518009642804
-0.30357317232831876,-0.33025489034462086,-0.32253578278620487,-0.3361455496200546
-0.3630619612248238,-0.34227424644492266,-0.32632907628979246,-0.31113026161608764
-0.3419355857116364,-0.3108267122468076,-0.3215712293561762,-0.3343161234136281
-0.319876014855356,-0.31801465511994054,-0.3351177678843692,-0.3256522991951842
-0.36891358943009733,-0.3773805686909228,-0.3145783563252161,-0.32691877277427484
-0.33224487624117266,-0.32179268582329434,-0.33817247681186263,-0.32976392233448315
-0.31141788890062583,-0.3308594929566228,-0.32109012039697515,-0.3203725867091875
-0.351345299538439,-0.33934406153786195,-0.344497818118044,-0.35051576819929353
-0.3272395722042654,-0.33002361508485045,-0.32056639824858507,-0.3173724788589783
-0.3497142010920656,-0.353517820392591,-0.2999648594447585,-0.3191037551266257
-0.2985077346457658,-0.32636557800004873,-0.3396778722610805,-0.33436232142372546
-0.32057238444865643,-0.3601305596468709,-0.3280925824494455,-0.31791570532612545
-0.3487950706375138,-0.31460515436756575,-0.34567161670769336,-0.344934795465246
-0.34387712372973844,-0.32624147855323915,-0.31019147824611687,-0.3213532612415476
-0.3238328824580121,-0.29885238182210255,-0.30733619327516254,-0.31735908601194324
-0.3270977211299576,-0.3245490931077609,-0.3158882489387137,-0.3160081396783351
-0.35210852126912884,-0.3887544555375374,-0.3272769922157482,-0.3299803275642939
-0.320871888072865,-0.3374450981850457,-0.3580742197756421,-0.30797001803980173
-0.3096613086658028,-0.31137320758412684,-0.3129214053234024,-0.3408269902374038
-0.320537585273499,-0.33157671881975287,-0.32106231397497,-0.3686564082875699
-0.309178630705924,-0.35973039946677426,-0.317992248017233,-0.336302767334295
-0.352282341336811,-0.3292502191562585,-0.33981111945391496,-0.3261453102929276
-0.30791234624108726,-0.33037141342414517,-0.35071208557866285,-0.3038520284807593
-0.2979560543636083,-0.3708549455688203,-0.30810046985786677,-0.3581315130524269
-0.33204461565320414,-0.329233949408473,-0.34784759464155474,-0.34830841806807106
-0.3120009557244602,-0.31559661084788265,-0.33818122761975217,-0.31377675360943924
-0.31160762523986935,-0.35359196349510047,-0.3067451466074586,-0.3374428980814483
-0.3509280125487755,-0.3268924029534472,-0.35438497254608553,-0.3335356782362193
-0.3418309950749863,-0.33002361508485045,-0.336240497431799,-0.31005778358498376
-0.3319988578836751,-0.3362557951433563,-0.34344302875138716,-0.32606476809123097
-0.310372266094898,-0.296967231557134,-0.28539361307720484,-0.3258735202678315
-0.30654049665068195,-0.34976265736693357,-0.3057935023816999,-0.3570147914419359
-0.3415937636016021,-0.3424972296688581,-0.30301799749330216,-0.3542805516634302
-0.3438925112695581,-0.3801525152234991,-0.3088487705255817,-0.3296264304974482
-0.3195981059397334,-0.3276176748376193,-0.3381541222586035,-0.34943392803395895
-0.32635268001924966,-0.35697645792102023,-0.351709487869766,-0.3270138436910525
-0.334221295404296,-0.3295104529194226,-0.312599175614943,-0.31956334775239387
-0.3519507083248402,-0.32106728728070005,-0.37277578860722255,-0.34009891573175477
-0.2952613902190713,-0.34214821541835927,-0.3303336335415084,-0.3499165227903132
-0.31603000217238036,-0.33572785361851826,-0.3401502605496195,-0.3239702120108846
-0.3577163410282656,-0.3414437482411747,-0.32482304804013207,-0.3323931645699664
-0.31693561028644746,-0.32837996993701607,-0.33469532073688596,-0.3480559891737055
-0.3598641910872109,-0.30081576098774304,-0.33669026048665535,-0.3534549899187096
-0.3137973737999007,-0.29993140603379126,-0.3115918690150564,-0.32149627115883916
-0.3397403793641759,-0.3536846410201405,-0.33459835029865254,-0.3116910117123399
-0.3791360804275829,-0.3105244003990112,-0.31682699354888205,-0.3449109837702856
-0.2975852998415541,-0.3162789734444608,-0.31624757341765813,-0.3409098632692102
-0.37355514883078034,-0.32965868496421724,-0.3490197699955792,-0.3214416145886836
-0.3106550498304969,-0.31785424392451395,-0.3325798845316483,-0.32109427654508804
-0.35162777312328125,-0.3345104052570228,-0.3237984570326513,-0.3250927500234349
-0.29672886339543325,-0.2879530089554991,-0.3005991861022031,-0.33409722717130474
-0.28955120032011145,-0.33150277972172343,-0.32308903497138164,-0.3271235363135109
-0.32006137755237224,-0.33479811057528663,-0.35088671789416476,-0.34959490203716587
-0.33181232935799615,-0.29732351516227346,-0.34385590796229726,-0.3200799411016477
-0.3151946006472897,-0.3234543245241647,-0.34674454284545286,-0.3071072065149556
-0.3399282560400329,-0.34189986132651273,-0.2911067989043615,-0.3126636083876573
-0.32017719876455913,-0.35914644535499773,-0.35658147452084277,-0.2981085550189523
-0.3353256636202958,-0.33712738267881837,-0.3252955530389186,-0.30432265592966556
-0.35804317927103774,-0.2868763597163021,-0.3212255674304417,-0.34231682157544163
-0.35888958306772134,-0.3336266789962191,-0.3072120988914609,-0.32625231296694357
-0.34874121682156545,-0.3415468534109969,-0.34434866537804715,-0.312317239141217
-0.34440194343844527,-0.33834814733894675,-0.3101834501992046,-0.35420537795419754
-0.3234257617229948,-0.3120936031766798,-0.32047846501081834,-0.34214112967249904
-0.35513018760325926,-0.34350089039027826,-0.33173890639861153,-0.2989280942334497
-0.31270171151707843,-0.3287158934165767,-0.3023903217452228,-0.319064250553349
-0.32693291113258743,-0.32180666873900743,-0.2862649000888738,-0.33853827141580795
-0.3158577872432216,-0.33498656850526454,-0.34087514514377804,-0.34517520877293556
-0.3458229951519115,-0.31476145672103445,-0.33986520766887424,-0.31321950935818266
-0.34994234900250104,-0.32384728343027536,-0.3301243127939255,-0.32705326546575764
-0.33008127211300237,-0.3369156042677558,-0.3335871984011838,-0.342762826850003
-0.2972390327325815,-0.33713711203790864,-0.3576937964040014,-0.3476498478486753
-0.3291749486407898,-0.3344112809776545,-0.35643209785064134,-0.34177843155403326
-0.3632922655360114,-0.31410208568950926,-0.3090991840321081,-0.33444738470761004
-0.3477966968170429,-0.29758915246088774,-0.3360063837051735,-0.3472979285748421
-0.317614996433232,-0.344811533393386,-0.3665110837958235,-0.34442853493617137
-0.3649515078627123,-0.2875929769481838,-0.3415903819101663,-0.3356955425831936
-0.317706300298749,-0.3128181377470137,-0.33436449794697737,-0.34496252141459977
-0.2966395260371358,-0.329439112813065,-0.3409962370016275,-0.34474876298911966
-0.33095248747904443,-0.3131987557094299,-0.3216483328350048,-0.3343540456677535
-0.33441099248913303,-0.34321785130597005,-0.3805999606440443,-0.35915318215366543
-0.3259316932958979,-0.30798656795284607,-0.34458698062422743,-0.3499694786855358
-0.37845836081941964,-0.3657825435113968,-0.35623391696773915,-0.3391433647694275
-0.2994911378267959,-0.30680542943171807,-0.3393831232797351,-0.2856392675271309
-0.3062875998008772,-0.3204377640882736,-0.3503879184714658,-0.3040406110182662
-0.36198434909528066,-0.3488439265330805,-0.3095151749918773,-0.3289348813405225
-0.3465940935722825,-0.3119129996288083,-0.3329361479768569,-0.3241049299445472
-0.30432172245046935,-0.32945810441019513,-0.3050521355385026,-0.3200908941006256
-0.314628797420346,-0.3495635965910746,-0.3230609245896462,-0.3005496663707513
-0.33915182713279474,-0.33922979952230115,-0.3554346182357677,-0.29845577714854765
-0.36302852294734,-0.3442925118337556,-0.3059911239273516,-0.2940856219711797
-0.3419062796673543,-0.3744383768716564,-0.336088239301621,-0.30963520557769375
-0.33992110513582025,-0.34665056204955963,-0.2845972100031261,-0.3390171137305164
-0.34513007034754994,-0.308617530303419,-0.3242354080399084,-0.3367350500062627
-0.335518503686862,-0.3379714446121591,-0.3281779929536914,-0.327614908086767
-0.3642631097761714,-0.3103883704865407,-0.3584284226095865,-0.3421687032764626
-0.34049949070938546,-0.36659087118520367,-0.3003207274041076,-0.31808652774280594
-0.3186472304490873,-0.34353301506814216,-0.357764560629168,-0.3294246764089226
-0.3265874199402077,-0.3438813151330742,-0.31793604892154625,-0.3202080274791211
-0.3731855486550618,-0.34401624219888455,-0.3357156095783267,-0.34029196437224163
-0.3497578461095121,-0.35017325661424453,-0.31499582564511536,-0.31137586418327845
-0.3052805473903541,-0.33301024215146513,-0.31740628975145196,-0.34142488172494995
-0.32431827408695485,-0.3505850805046867,-0.3368424471787216,-0.3443725536687417
-0.35497478080340983,-0.29538488450042866,-0.34164699453459396,-0.35254404109424087
-0.3104397853867637,-0.3027569285889567,-0.34866047480011175,-0.3247027104701615
-0.33885804759192495,-0.35102758244439825,-0.30963985507020886,-0.30229140573488544
-0.32505816257917686,-0.315071639585547,-0.32350328868474154,-0.3096657698999527
-0.3406153275422609,-0.33104241770784143,-0.3600334986297307,-0.33231483613859925
-0.348047667761877,-0.33350300246699477,-0.33312184123811966,-0.3259594863930293
-0.31329763737017646,-0.30863301576531954,-0.35909559183015316,-0.3360752051532901
-0.3607116910122434,-0.33952651365013015,-0.3073365242608184,-0.3505581945015812
-0.3419363219179442,-0.32165768447272775,-0.36110151965259774,-0.3347102939360652
-0.32300346375037253,-0.3020414531717069,-0.3258841842025974,-0.32973760987930306
-0.3332109183561658,-0.3360830613458595,-0.31519143114028964,-0.31580879427050923
-0.3155916387407191,-0.3224267643754,-0.3309858967192988,-0.33511491035076113
-0.32527035644454294,-0.33273521634291614,-0.33134073552881205,-0.3506516947212691
-0.3367219636606485,-0.3276305707811519,-0.3485290976511688,-0.3243729772924787
-0.3340950293660977,-0.32247436894563886,-0.3349094103090519,-0.31921196272317315
-0.3531562673992489,-0.3464924776646567,-0.337448576578179,-0.3255432744787086
-0.3137837813257684,-0.3298008020444944,-0.3461833860945638,-0.3734882645953203
-0.3568909999354049,-0.34643825378041515,-0.3467970548747602,-0.3406728854098819
-0.33853772931379744,-0.3260879706973694,-0.31030188257140234,-0.31534063982523625
-0.33517521036812997,-0.334973722441447,-0.3166058684100514,-0.33501114518906616
-0.31710658268254277,-0.3275328265162865,-0.3106348197242427,-0.3237324776514935
-0.3350464371733371,-0.3161426745546254,-0.3217525116588716,-0.3045548491573549
-0.3434430787364886,-0.31033374932461466,-0.3354235161853858,-0.3158107907415615
-0.35767894790797033,-0.31622599234937937,-0.3301999996125439,-0.3344562974199627
-0.3070230049526015,-0.3406169596097875,-0.35692515001154496,-0.35122258820934593
-0.3246041507022072,-0.3338963343796213,-0.336683332073334,-0.32004740922343466
-0.31893850713833966,-0.3454509758138435,-0.3339526097451084,-0.3153942880734526
-0.3217857314908821,-0.36589764146308856,-0.31457808699810363,-0.31994038080430887
-0.31865038569400295,-0.29275176381654894,-0.3220860495502959,-0.32911768751938564
-0.33436123027885417,-0.28525404818027494,-0.3727132567506076,-0.33234597198515786
-0.35163434295617696,-0.34991949172548154,-0.3532367824743254,-0.30451967286026377
-0.37948715130748434,-0.33327040724999973,-0.3552676652535844,-0.3546179015193591
-0.3023719701078723,-0.30670028928973414,-0.31669934044508247,-0.34062861342105616
-0.3362324183028904,-0.3174615073501984,-0.29405241065088045,-0.3250337223538689
-0.3540471240272461,-0.31246617351500017,-0.3400161195781797,-0.34074893016500946
-0.33121190070436957,-0.3173267143595407,-0.3308491866103729,-0.3627704117994011
-0.31375272382423836,-0.33935177006738126,-0.3301139505990657,-0.2798397619881777
-0.33085321414214863,-0.3623103991575928,-0.3430135642151842,-0.34463393932591146
-0.3479183651810809,-0.3437990612846197,-0.33231527870121796,-0.32340333378473796
-0.31537844555618916,-0.3379886073890884,-0.30627875488293993,-0.31551431602986285
-0.3606224563894671,-0.3604252265727815,-0.3177239188659682,-0.3299163212525285
-0.3495066429532811,-0.33730750455173353,-0.33807397033091324,-0.3359378992756752
-0.312934195393005,-0.31056185500587774,-0.3112212663847833,-0.3515203266245902
-0.33784039861024934,-0.3275986261617342,-0.31933188800095436,-0.3326502857217991
-0.30352275359607805,-0.3392327941563617,-0.3570444787433521,-0.34078612381622625
-0.36445440656577516,-0.3645324275587135,-0.33474991912526963,-0.36455352068796476
-0.3302349550699076,-0.3447789063858315,-0.31288366554236063,-0.3474199330701179
-0.30960543119285977,-0.3419666580839289,-0.32790987812613803,-0.3286425644808686
-0.383886331386207,-0.31683974572642326,-0.33225136987528064,-0.3440180010259324
-0.31660380665643767,-0.3403320039180488,-0.34681211550530844,-0.3344428318381502
-0.32197700867220963,-0.3158884516554107,-0.33024753455628925,-0.36587868437527954
-0.34856136520243114,-0.34861618860881205,-0.324417898778921,-0.3566663620753003
-0.3372979710598505,-0.33844522808340577,-0.34187467556286877,-0.3194481963865861
-0.3690106068999008,-0.35522446878767044,-0.33308887409000315,-0.33774830442571147
-0.3510747320494275,-0.36126811874316417,-0.33346234636862426,-0.3239543849688866
-0.34588376745283506,-0.3178623205575883,-0.3412403019704824,-0.28979930023199746
-0.3013095095443653,-0.35201963928423824,-0.3480261176338425,-0.331390566096366
-0.3652469801384246,-0.3134671043025991,-0.3380191108223786,-0.33678930868485923
-0.31803743868253703,-0.32575635359826627,-0.33359725998198053,-0.3674805074710139
-0.32036962965150917,-0.3248285459497228,-0.3656967047817928,-0.3492621058559411
-0.31200507235350194,-0.3149666685469569,-0.3625419560668412,-0.3344808702750439
-0.31401779819959663,-0.34550763958453645,-0.3166434198920173,-0.3420827021402658
-0.3193494430415053,-0.3317368945947966,-0.3416575742310148,-0.3283766418062695
-0.3363493297183801,-0.3429498462158507,-0.3370847282532142,-0.3224475399607921
-0.32421605439008994,-0.337278276814073,-0.3609300124944792,-0.31609913119085487
-0.37154408130495925,-0.333192826177296,-0.3326280533265182,-0.34579898761913114
-0.3766302565039871,-0.33671119483630274,-0.3248202100069573,-0.3229547246558224
-0.33872083948128484,-0.36708758754988424,-0.32384109809359624,-0.31879939153427184
-0.296825761676291,-0.32725979877202827,-0.3047567934653592,-0.34312936195511995
-0.3019286681133751,-0.34659748536363877,-0.30519863431133026,-0.34709958392848755
-0.3538599911598473,-0.3361301290113803,-0.34769668838424633,-0.343108620668283
-0.34445469824945196,-0.3267614004329011,-0.37420918187999697,-0.3256264222240992
-0.33972998818027467,-0.35977952496585525,-0.3297170502164386,-0.3458536742223632
-0.3095092282576155,-0.35663059321620505,-0.29469943459935033,-0.3308208982531989
-0.3230303777274175,-0.35374791972209846,-0.3225003675826561,-0.35769392978186815
-0.3012331274387847,-0.32331148356131745,-0.351233514501396,-0.315874236421293
-0.32528258740843585,-0.31552342343118606,-0.3428872305890745,-0.30799586264784606
-0.3288815553287408,-0.3402222721920629,-0.28910878355999675,-0.32631700899806443
-0.32372821398904733,-0.3195977785931363,-0.3459034970479136,-0.3301130311372907
-0.33090970854942175,-0.30868137672012796,-0.32495785182375536,-0.3200372668182418
-0.30162988774116967,-0.34453908134582567,-0.3927988745650217,-0.3360250360499809
-0.32501075020871295,-0.33778574245631726,-0.31797499125859074,-0.322022188164808
-0.32544167620589437,-0.33692762425857153,-0.2952763939755377,-0.35626762512679566
-0.3821553351121397,-0.33494169031079163,-0.3317423295806544,-0.3431224149366293
-0.32110800779967086,-0.35299030031188483,-0.3076384250174512,-0.3252882343662521
-0.34543290258765036,-0.35569302593355673,-0.3259013058130622,-0.36932276709698425
-0.3300732951081616,-0.3213235590047089,-0.3855942694557579,-0.33946910493340876
-0.31993440661982103,-0.3581327870528764,-0.37149537823682843,-0.3513167772323988
-0.33971775845878305,-0.3203811149320358,-0.3190387938273419,-0.34216263947419273
-0.3438505511054221,-0.3293175575770544,-0.3005912097674155,-0.33248388252955
-0.3353503557588187,-0.324499346931087,-0.3497568636836278,-0.35261987309252096
-0.3187798524602806,-0.3269141125937357,-0.32441639175858217,-0.35181794507203246
-0.32408952253479467,-0.3242842194289061,-0.3504341389104222,-0.3046938539055931
-0.32018344389229386,-0.34084695309077956,-0.3152339726236286,-0.3178265975387329
-0.3746802897645261,-0.318706764343176,-0.35489505773468627,-0.3263205602016875
-0.3016814024010125,-0.2987140067835766,-0.291536933907547,-0.33608890798927216
-0.36032984632940535,-0.34274191368041246,-0.3209613016058536,-0.3701819915901371
-0.3387499443618198,-0.3340317684535526,-0.32718935948249517,-0.33179205516721766
-0.29618862185701167,-0.32249362665079656,-0.31513587547502186,-0.3308671659599523
-0.35407506703727115,-0.32664750930676795,-0.34050306414624254,-0.31035737511491907
-0.338836952584359,-0.3314652548506782,-0.31842726453924336,-0.35449131788442534
-0.3346699129988265,-0.33294396417251854,-0.343631046256189,-0.32513459438406395
-0.33013983286931037,-0.368777793697852,-0.30119548672948926,-0.3373676951326283
-0.3254505398221415,-0.33488683877549164,-0.3365148663806686,-0.31235244082691793
-0.3373194587437368,-0.31875650869466104,-0.33749579981714745,-0.32744684548559977
-0.3456032837712879,-0.32054484551793694,-0.3043818627741265,-0.3345355036903988
-0.3464863226371665,-0.3631465782899546,-0.3205048696897625,-0.36746912694413375
-0.33649678607238953,-0.3557707171939565,-0.32996522239789366,-0.3090312621732428
-0.31425789382635944,-0.3210045806153842,-0.32388021583132914,-0.31717850470671227
-0.3188425422404777,-0.32343805772648687,-0.31838383462498954,-0.32868054632687604
-0.3077313157996813,-0.328413285126296,-0.3271975589113904,-0.288043116208345
-0.33382558642906696,-0.32582980342614476,-0.32374949890641846,-0.32963990251914044
-0.3248858486235288,-0.31786379233630574,-0.30306824055941534,-0.34607322714832794
-0.31842443752659755,-0.3538568737882741,-0.36133891205980223,-0.3042466261295354
-0.3072361356873194,-0.36078222968481266,-0.33201814504095484,-0.3319719320536478
-0.3370117306494717,-0.34804663160658267,-0.3248392384102222,-0.3281851379382427
-0.3300943859004821,-0.3314752237306743,-0.3532925531608231,-0.30217643838698915
-0.32631297988307456,-0.329888249717467,-0.3181034826746733,-0.3181625192028097
-0.3450120809025658,-0.336938652122817,-0.31994401523005556,-0.301535120633533
-0.29675448258372134,-0.35695342526552043,-0.34609156904598676,-0.32723006847371705
-0.32243693131184986,-0.32285789258057146,-0.3181716988794112,-0.34848365403480447
-0.33441185790479494,-0.30656300771470685,-0.3118537077606258,-0.31161459888713294
-0.3620737110748185,-0.32568171498312287,-0.3365654085852994,-0.3318717075641307
-0.34994734039882314,-0.300666018980848,-0.35417336911761793,-0.348191489793744
-0.34017605878573876,-0.32125296011216964,-0.31287679238564164,-0.3315112085860214
-0.3322024113752908,-0.3304251610166447,-0.37564202633054816,-0.33642271230120563
-0.3363194670461937,-0.32011709591981446,-0.33036326418281076,-0.35837750332204166
-0.3178158768587505,-0.34128020267325265,-0.33309031729923844,-0.31416393676240995
-0.3148887480548788,-0.3259129505728686,-0.33717123949010525,-0.3359186292437843
-0.34710745407459104,-0.3578902534010075,-0.34098773858856085,-0.32500826563733337
-0.31549052133358163,-0.32041502901213537,-0.33503997836384547,-0.32766577691305426
-0.34190307272867343,-0.32382492210019037,-0.31646589341086423,-0.3250453028417415
-0.32980314821868156,-0.3714861512309924,-0.32356037667640036,-0.32590937194719
-0.3362786240475303,-0.3396955577618635,-0.3110059368782853,-0.3173058082356834
-0.3484245056640107,-0.3373562337448265,-0.34602465788254866,-0.3640761425243441
-0.31621671829718956,-0.3140660996178863,-0.3044156038210727,-0.32906749256952167
-0.3254861715785219,-0.37742925505292235,-0.3121474735947018,-0.3202504197989892
-0.30803191552352954,-0.32832610736622464,-0.3394355926326745,-0.35845516868794
-0.35081722609766297,-0.31683234668556187,-0.31823082896395516,-0.36802541314411763
-0.33566667327795,-0.3260633745777168,-0.3495674996044768,-0.3170397216884379
-0.3066895160494489,-0.32324631178847835,-0.3509042059730011,-0.3291166381263276
-0.34066691102363733,-0.3128277670504903,-0.33001369061327696,-0.3186930612872229
-0.3474594154872125,-0.3160320328785695,-0.35694208931196003,-0.3415612245387916
-0.3350871263910599,-0.3156126408376869,-0.2839521523476217,-0.3361368120372701
-0.3272882882274663,-0.32341322987720683,-0.3524128813900772,-0.30424784796414295
-0.3361220235880503,-0.315531225184837,-0.3183739212663692,-0.3186452261820262
-0.30908153282244966,-0.3237054061784381,-0.3456724185869277,-0.32041121155393704
-0.3307404028305978,-0.31197100037682035,-0.373644047212102,-0.3144292130338362
-0.3431747072157941,-0.33056518634507176,-0.30050059214910685,-0.32149035616795746
-0.32980278561236787,-0.3458082062020457,-0.2946773860612822,-0.3312318264053951
-0.32144586975946327,-0.33223921355300384,-0.34029187023709956,-0.33941588233343456
-0.33802728580171076,-0.31202944331014154,-0.33037081496998316,-0.3286556835704056
-0.33137734365995675,-0.3055990435455405,-0.33629613341862735,-0.32005572326316023
-0.32727739549402923,-0.29294838054347383,-0.3283981175336738,-0.3124498910673572
-0.33889266519765743,-0.3604318143493288,-0.34595961910177137,-0.31649079234039706
-0.35640067876248643,-0.3582555301413091,-0.3447215172456101,-0.3563184984969892
-0.3583482141185743,-0.3159404978208987,-0.33305315041975225,-0.3527167013604836
-0.36253169521246703,-0.36631877714034605,-0.35622440088878127,-0.3212279320320076
-0.33094587689464977,-0.34777431218599575,-0.28726451113555224,-0.3276276183509733
-0.3429769157622263,-0.3249629499177969,-0.3719310302548383,-0.34382982868271283
-0.34532690266918137,-0.36828701402639696,-0.359479117421504,-0.3262539255877469
-0.31317921536143895,-0.2771773587122932,-0.30822764022669685,-0.37380795093020536
-0.35868637620136395,-0.3122299507899698,-0.35244116038041634,-0.3320389095155821
-0.32746196924638316,-0.31597336323822656,-0.3224244662597025,-0.35979200412797563
-0.326089134030935,-0.3326852865086086,-0.3632056820477983,-0.32044190217672025
-0.3255275755232452,-0.3332776036855113,-0.34146327260392484,-0.34257545838962966
-0.3331804361939698,-0.36453120513796966,-0.33869970756125867,-0.3389555288354105
-0.3092204806952808,-0.3244555631390256,-0.3510296372855083,-0.3283279432070447
-0.3989150370725983,-0.31441642746194814,-0.31190797100777756,-0.3311684876057375
-0.3141328038922261,-0.31073915458480744,-0.33060324510160893,-0.36173297415844446
-0.32872757360827815,-0.29955260665607275,-0.3415551952368703,-0.3538680109257246
-0.34092136987102534,-0.32164602265416625,-0.32973285380325124,-0.34901947391766275
-0.3332836977153895,-0.34148204001634325,-0.35692606815102207,-0.31435768551670135
-0.32690677658407863,-0.34240683569489616,-0.31635943128427924,-0.31339153461961694
-0.31869079905124864,-0.366744291644373,-0.3198769151347196,-0.30945844720435856
-0.3262088016508962,-0.3337451803926338,-0.330365251473519,-0.3373967275408719
-0.337727067478789,-0.36211000886717865,-0.35316532083403995,-0.3154720537739295
-0.28432206792132886,-0.34401116378319063,-0.3176258517215766,-0.34438861884962313
-0.34239824595755314,-0.3069641908266185,-0.32604865255953847,-0.3471067504031054
-0.3055112755825137,-0.35048815347487455,-0.3413858700977299,-0.34492016529100233
-0.35449957175944075,-0.2873906539138469,-0.3299214859459907,-0.3048418919962374
-0.36874745397076353,-0.3473552593995853,-0.3091548719186159,-0.37361259660331825
-0.3699955862874375,-0.32557624106875394,-0.33002262240281205,-0.3406778955507028
-0.3288630039705857,-0.2822977219713013,-0.31858438263295735,-0.3001946588715612
-0.3207622674986598,-0.3291518591335479,-0.2972616659908499,-0.30521914429238867
-0.35714556616784576,-0.33727933868330684,-0.3489128677680884,-0.32886468462829793
-0.29700500348617637,-0.33504891135262976,-0.34129226888063485,-0.3435525770962837
-0.3192329491063945,-0.32131910057900476,-0.33420527808550915,-0.33476180429968405
-0.3278056031796248,-0.34445748058539705,-0.3246696441238916,-0.3481438809690694
-0.33063420479678995,-0.3393654764538232,-0.34298782918719584,-0.3099947906334483
-0.28277805958817454,-0.367548875855783,-0.3406504420524554,-0.34837596886099953
-0.33100270453205305,-0.3273147783010868,-0.32885173614416496,-0.32982224989587183
-0.29633970274004107,-0.31803624255721624,-0.3468408590398922,-0.32791353290748076
-0.33990096382647844,-0.3310496270584576,-0.35310471933999676,-0.29741478673609095
-0.3633899674361452,-0.3548402374255193,-0.3198520269333053,-0.3090989725122003
-0.346553144308594,-0.33028892057037684,-0.34735966523350414,-0.3483126444547655
-0.34696644408402566,-0.296162512644095,-0.30886753959817154,-0.32922362668388583
-0.32288039902972326,-0.31333800817231977,-0.339015074794987,-0.311326443036194
-0.34195067100820303,-0.3101412980749532,-0.32494694871179775,-0.3184636506497382
-0.36026544284963247,-0.3378609997661768,-0.30726644200991926,-0.30755880689674436
-0.30146712761061856,-0.3078847628584541,-0.2996563817355485,-0.30268355209306175
-0.33967180418953613,-0.3391036970409249,-0.3368783866032783,-0.33751625348771164
-0.3445891560130974,-0.3633638367555231,-0.3271962869188852,-0.3303094163442496
-0.3169308152181192,-0.30030610038678907,-0.3440333960841935,-0.3513259366075243
-0.35150361008038844,-0.3295210747215653,-0.29533860308023513,-0.31979169394924645
-0.34259737976654403,-0.3359852928721824,-0.31136427265359773,-0.31416876124400683
-0.3330934034413921,-0.3368653894835666,-0.30724459977486973,-0.3417439607091339
-0.31576735465628253,-0.31311959212080015,-0.3558494573119543,-0.3307510111132839
-0.32418838203673894,-0.3611506830580776,-0.30827293669086414,-0.3155481991483809
-0.3532942087133272,-0.34483009359357214,-0.32199752487987027,-0.30684064018708285
-0.3393824352260288,-0.3231101202137254,-0.3010502209762495,-0.331016532776953
-0.3167769948207535,-0.3071180847843879,-0.30900483588289795,-0.31709606684026825
-0.331286762172772,-0.35914272509909456,-0.3673419215798961,-0.3248930363498992
-0.35315081315361857,-0.2962389306697946,-0.31665818887973124,-0.3390611970792989
-0.30991635632964987,-0.29616763810947655,-0.35675486958072494,-0.32085162436517184
-0.36042023990487,-0.3585737736830675,-0.3140510725496595,-0.3207119908862834
-0.3263839006658998,-0.2956732974546124,-0.3415963642655924,-0.3239600285790075
-0.3131760927705185,-0.33362219659013237,-0.34026039008054787,-0.33574992077090177
-0.323533512401348,-0.31907008030914713,-0.34138846382402804,-0.32525957291165364
-0.33281388297780323,-0.328548409898156,-0.3243035641681107,-0.29672713280712365
-0.32736114112201026,-0.30259581463134433,-0.33642901222880445,-0.32277714551626746
-0.3445979326961554,-0.31390796200955157,-0.30715893984996834,-0.3080515430366397
-0.34930795729726427,-0.3459368878126343,-0.32701943700040254,-0.3062644379981546
-0.3293138297995858,-0.3468524949330527,-0.33290276845620387,-0.34246541156281013
-0.3450502582259212,-0.3240116861453712,-0.3124255033638011,-0.3467176044234411
-0.3467720692207689,-0.3325465882751273,-0.3532018413279848,-0.3428008718618672
-0.32595732747991896,-0.34669476610085764,-0.3354469389280131,-0.35199189751664683
-0.3268667762222301,-0.3499202643605799,-0.34550431971046675,-0.31686168959933264
-0.2908387796046578,-0.3336816536811934,-0.2917174503100519,-0.353868594193011
-0.3327174330394105,-0.3597459503289935,-0.28762061453984067,-0.3397111958364892
-0.291180188247698,-0.3497923372235344,-0.34797999017712006,-0.3530830430252228
-0.2994403060430274,-0.33930620552184737,-0.34254917000980206,-0.3137481459236225
-0.30770313095854573,-0.3392412059830996,-0.33844560523509193,-0.3381156633005783
-0.3189960620975368,-0.341460190476155,-0.319861466371787,-0.3511200212380859
-0.34703506953273944,-0.35444806767324594,-0.3363977415657171,-0.3480483398360051
-0.31247358828251925,-0.35293448796953775,-0.3255228396078112,-0.37283637359426325
-0.3237163231828774,-0.353356842070012,-0.33592906146073553,-0.33545652069240633
-0.33385203557483184,-0.3366468494915508,-0.33085536403750837,-0.33335109709156685
-0.31452465162031845,-0.3152208967060426,-0.3491765409260897,-0.34616125466170433
-0.31806481188751784,-0.3376956776922411,-0.3273231158431896,-0.3473405138083759
-0.3619611581076624,-0.3322160923614358,-0.3029654319711614,-0.3119528465055015
-0.3335790591978041,-0.31656480787581476,-0.32431819636217024,-0.377564303548748
-0.33269436027996296,-0.30967637136372556,-0.2939779389130034,-0.3146559084835039
-0.35139219742395394,-0.3119938663352795,-0.2911682057817641,-0.31700449667613906
-0.3146514154205298,-0.29335871831468013,-0.3048913409146692,-0.3248259087870672
-0.3395021152245165,-0.3556557211525971,-0.3661578955052091,-0.3025762004282372
-0.32271848737727155,-0.33453848833286703,-0.35313114381718835,-0.3503084135854965
-0.30241473673815406,-0.3046690123443195,-0.30778711258061,-0.3211811369406079
-0.3401777948348267,-0.32990625328485534,-0.33541830384573074,-0.3283321265983663
-0.3233866084714099,-0.3361017419445678,-0.3310090489375369,-0.3194385137468006
-0.31233755884923775,-0.30822181854702624,-0.3172124457950649,-0.3490945415604577
-0.3553380462251714,-0.3763601029481861,-0.3305163071701879,-0.3423170309081589
-0.34852311468827113,-0.3252827361793282,-0.3243623215309625,-0.3248592255874959
-0.3202177768550184,-0.3131237741078346,-0.31261021432022235,-0.32990862789685477
-0.32896635679284547,-0.34099405667496047,-0.30976135238635744,-0.3640376217466268
-0.32482013997988496,-0.3004082236113776,-0.3404786558318279,-0.3649651024915515
-0.33959191161668617,-0.3494269012643038,-0.3328761337573796,-0.3403660197232556
-0.3168119968318492,-0.334374680298393,-0.3174071275700962,-0.3505747140422935
-0.34388826948985285,-0.3067976606773752,-0.3227856785580383,-0.34155614491531816
-0.3394047527596563,-0.3163647786270092,-0.39385228252180154,-0.3335933236572322
-0.3381285925060094,-0.3291328880277187,-0.3152732804950797,-0.3169130952951268
-0.3312151093341537,-0.3392114568355398,-0.37000420303432857,-0.33266031746346675
-0.3321362740606368,-0.32309897393266573,-0.311993213231192,-0.3238650548851036
-0.3358210453362065,-0.3393231172946022,-0.35698141674278877,-0.3144794079709979
-0.31410574983955375,-0.3155170872745495,-0.32139531627220297,-0.33857694064513527
-0.33673894032744345,-0.3028987592068309,-0.3290827943699268,-0.32199832535510764
-0.3112701974270606,-0.35102386413716313,-0.30500916626838753,-0.35136418562708227
-0.3176851863600182,-0.35039429806114925,-0.3451854372412842,-0.332937514136879
-0.36056556871740897,-0.3199089559718083,-0.33980201434238805,-0.3222088214051428
-0.3204033448648463,-0.300666018980848,-0.3097009257118172,-0.33617853686682564
-0.34933331510006643,-0.32419769722755737,-0.34075258327845365,-0.303928050246771
-0.3657787891684945,-0.32555624715878273,-0.37308218923682385,-0.34185515694257523
-0.34886973316030523,-0.32145850421234495,-0.33763868519886836,-0.3111865010615908
-0.3414093197900896,-0.3488754113352119,-0.3596777322588869,-0.2973346653469675
-0.3428029188055661,-0.3136251627374293,-0.321101091184646,-0.35892824750614527
-0.33427280912242485,-0.336426863356241,-0.3089003607854766,-0.3511161585089838
-0.3382338601671547,-0.3107991870469885,-0.34442531192038683,-0.3546059264678681
-0.30551758377097643,-0.34756039872192895,-0.4077881349970072,-0.3229639057668645
-0.3277042403499803,-0.33022383736097044,-0.36994724011764124,-0.3155987960196383
-0.3152824417425263,-0.3446889149978375,-0.3322750372558453,-0.3005608217079515
-0.34756584623040315,-0.38838262861073136,-0.32282128115864933,-0.37355026367407496
-0.32997353620314746,-0.3263527944848497,-0.3474350736824244,-0.33807146116726766
-0.3029068610664453,-0.3520752600196006,-0.3186357480038277,-0.33689835323702366
-0.33602864249593806,-0.32982330144235567,-0.32948283863345174,-0.34738735696161277
-0.33148268999327396,-0.35095628389051653,-0.3126803701628247,-0.32604959013804036
-0.31985162304547665,-0.3206078490061249,-0.35047445630361734,-0.35588408721157244
-0.337548992206294,-0.3280368612303668,-0.31797427370873094,-0.33743067923628606
-0.3010829611775764,-0.3203143021396709,-0.32142683403823286,-0.32600075396311207
-0.3304167897090517,-0.2959333187508849,-0.3153185298625965,-0.3452660459803064
-0.33362328925729146,-0.35725414068603933,-0.3237916026679498,-0.32794353976242524
-0.3397262522444006,-0.3305443802229143,-0.3400233996916795,-0.3058940619127337
-0.3116130587214418,-0.28451697987972385,-0.3135252630543961,-0.3241980586831216
-0.3336089377980648,-0.33071325932606016,-0.3340013544606514,-0.3003930220339756
-0.33961736353273936,-0.33547475853513725,-0.35095598658233346,-0.32429573371435444
-0.3158744787192445,-0.3549123072279669,-0.3270047802473681,-0.31895201128421646
-0.3448331193427708,-0.36226340187208195,-0.3352270761726038,-0.31828732712893804
-0.3502793111637811,-0.3178975240546747,-0.31030598089510986,-0.33244316128407947
-0.31109650038997233,-0.3403706506873712,-0.2975711635845661,-0.325714195221983
-0.32789372901634656,-0.3560825030453775,-0.3342232267636433,-0.36460765285402863
-0.3210224667516461,-0.3557484005292422,-0.3375048863620933,-0.3304439812412578
-0.3542178758445059,-0.34476377580053547,-0.3226076053091426,-0.3321769250887204
-0.3385644008413809,-0.3111363388961526,-0.2954222747282792,-0.35988288765791365
-0.3383168945517363,-0.2895526374377969,-0.36632769782674174,-0.3264703049761933
-0.32312627450863374,-0.318248962674531,-0.3620769071975441,-0.33760362954097434
-0.35434203467503944,-0.33305566092531136,-0.33021043919514526,-0.3417291985665465
-0.3512673545627379,-0.3278494415410676,-0.327842457823914,-0.33960523934666625
-0.33568507659485425,-0.3731158651855141,-0.3713043775114129,-0.35508678138095096
-0.30350413434354834,-0.3790740886284037,-0.3438446876553256,-0.32113269375435755
-0.3097822379360236,-0.3439470831225247,-0.3474715248003436,-0.3109373350280408
-0.33829971425785016,-0.3387003582800274,-0.3371886418373194,-0.3229175931934205
-0.3305137681287704,-0.3211933330129508,-0.3278181325311723,-0.3402962652674185
-0.34337141409329724,-0.3269213719120123,-0.31918019195212216,-0.3244986400257865
-0.3202322045493129,-0.3504983170559245,-0.3307743409746455,-0.31398992081953414
-0.35879968152453096,-0.3172669243352439,-0.342625820606438,-0.3383671158507327
-0.36773202412511496,-0.3010704255752017,-0.3252930572402996,-0.3375349647168209
-0.32994719890000346,-0.30774085230651615,-0.35280824371675085,-0.3334713403433419
-0.3055494731856906,-0.3664479028615801,-0.32034896572843413,-0.3169968843629459
-0.3763958777340232,-0.3354154078064624,-0.3433462754385995,-0.34091147715864756
-0.35617306434498525,-0.3153208915402384,-0.3217552249531473,-0.34359081906224265
-0.355402561101516,-0.33159752741121834,-0.3036131761201723,-0.2738308669958877
-0.3160174258469072,-0.32516585417178695,-0.3517307876843612,-0.34619552765313405
-0.3195370288581622,-0.3311424270354755,-0.3178907248211442,-0.3031595676072611
-0.319972345837745,-0.32320476549635924,-0.3343154557152587,-0.30815683972149394
-0.3080157754828966,-0.3483713597747286,-0.317747157860922,-0.3257133813003574
-0.3339263888845793,-0.3408889272585952,-0.3353443040379541,-0.322309318497658
-0.3201705603582215,-0.3458835104961546,-0.36074647315188973,-0.3408107599109771
-0.3514665976785027,-0.3585840878500817,-0.32719472444397146,-0.3172274243574161
-0.34938821175214496,-0.33853194801180575,-0.35227782348465714,-0.3327613607845828
-0.30315475819230364,-0.3161417619821853,-0.3288321525818049,-0.3068741916312551
-0.34224019411481105,-0.303419581006955,-0.3484255956942809,-0.31053310678920665
-0.35474783184462744,-0.36117912516371575,-0.3114535584607813,-0.34669195759812865
-0.29979094585164423,-0.3092998792534152,-0.32025315356903117,-0.325612144931223
-0.3382900566297619,-0.29708217858804986,-0.32554340605761456,-0.3469427527875565
-0.34382044934072054,-0.3411466594776708,-0.3549169885741829,-0.337185623649057
-0.36439024526084124,-0.335571964375559,-0.32004381312823743,-0.33744833481543834
-0.3328734283123474,-0.32803690254177237,-0.33706238895147894,-0.31400160990422504
-0.3439805171134703,-0.3497031399133196,-0.3130565043085071,-0.360028340203444
-0.3172551707690921,-0.34559695899976467,-0.3378802600598008,-0.3345721733129994
-0.3330186918970118,-0.3360672819059546,-0.35722570051321695,-0.32206945565182477
-0.32339277088772145,-0.3142482668642724,-0.34434622106433493,-0.3271739929917799
-0.3138439231207468,-0.32832652339584617,-0.337574333332832,-0.3360352014916626
-0.3119024763610575,-0.32905879059958415,-0.3372538280070796,-0.34789971085532984
-0.2986599214178622,-0.3377283547678274,-0.30636624575954574,-0.30629111704835327
-0.33168183556749,-0.3189373911625738,-0.33541509633614897,-0.3008625848554729
-0.35231753821738104,-0.3546746058014405,-0.3634353245127878,-0.3241827248666664
-0.2831140520198725,-0.3431279303523223,-0.3261951022728772,-0.33522084672510855
-0.3195812683467352,-0.3328013365757552,-0.33604586723201574,-0.3766968822445038
-0.36436880884847633,-0.3247500665317344,-0.3386929942762572,-0.3347646519204053
-0.33054746232647275,-0.31236227774852793,-0.3206546145564813,-0.34714543541716114
-0.35546095891224183,-0.32452554976516523,-0.31958569387049446,-0.3243631282711217
-0.3208302979414917,-0.32927599065004026,-0.2994559663679865,-0.3178719424093801
-0.3302806926835455,-0.32832805664936665,-0.3256454630300357,-0.3538470531749324
-0.31683017053251067,-0.33993099472155175,-0.2957849746325653,-0.3636834785013378
-0.362229189408509,-0.3173755094043608,-0.319266050711266,-0.33781000655484267
-0.3292842246083589,-0.3478156987307406,-0.31964387403394623,-0.33645787855206044
-0.3621243286503737,-0.35347762356042944,-0.31955391805225897,-0.3043017239238374
-0.30880273812215836,-0.28103378399990336,-0.3252033140890931,-0.34248869317964103
-0.32403306854090325,-0.33910949161352244,-0.34123651682916617,-0.35940148379479114
-0.3235441988953664,-0.3172096392088955,-0.31583522793973395,-0.3228132003939164
-0.33807660308592175,-0.33967347141862847,-0.3268214894811156,-0.3514846412232663
-0.3492661166826695,-0.3573670317092167,-0.3002175728623497,-0.35139514301691444
-0.3177222570564844,-0.34147912771077527,-0.3101414600298696,-0.33144203756448615
-0.35381267681043677,-0.3460400071961239,-0.3717596570303613,-0.31681474786092884
-0.31941970011646487,-0.32656906666908714,-0.3201972472685841,-0.31023037266457926
-0.3047367040449812,-0.3340407550043416,-0.31806204213010353,-0.35142854521536215
-0.3392518296503765,-0.3672352519881218,-0.34308004794144736,-0.3260694355575946
-0.3267631049731727,-0.3289163101110275,-0.32926101273169506,-0.3034942415118304
-0.3359192725176222,-0.35735096629849983,-0.34600682857998805,-0.2960612593500399
-0.3123409238710793,-0.32924793310164535,-0.3314435462139247,-0.33729591821556926
-0.313426779386701,-0.3107961651626029,-0.3592246182090535,-0.32786173485437453
-0.332146025908687,-0.3641583240344966,-0.31304241853367326,-0.33332943782358204
-0.33378239974948354,-0.3194050483342068,-0.3315816327006138,-0.34260275195434975
-0.3171496889056429,-0.34957293188221544,-0.3315805958189172,-0.33526010934082434
-0.32181097520462754,-0.3222403913088234,-0.31567971486983043,-0.3416518492603917
-0.34221301571601853,-0.3366907725953737,-0.30296564728571906,-0.3349310285143161
-0.33273003753285374,-0.4028476325096115,-0.32497046575656074,-0.3050616671605909
-0.3480757859842373,-0.3298537050377719,-0.3714599584501514,-0.3242261943637631
-0.33111405282081596,-0.3180085290150718,-0.31389845544608125,-0.3692110923459075
-0.3213052003498979,-0.32935629132989325,-0.32327800420184943,-0.35238501567771957
-0.31770917572577573,-0.3299620837662086,-0.3026820138237946,-0.32383066380249315
-0.3375293791707842,-0.36669707098462484,-0.3652708154773969,-0.33005046240132224
-0.315991529999519,-0.35398155383322244,-0.3342920044074498,-0.3461456318362
-0.2980057548371801,-0.3144557255347638,-0.34509820160887883,-0.3336602218493431
-0.3496873565680691,-0.3338298365745199,-0.3505577130539848,-0.34288874166645444
-0.304235173466403,-0.35796598451329203,-0.28583456934068635,-0.32767825550733304
-0.3395835272281389,-0.3163886378712553,-0.2806627930288468,-0.31560041056884103
-0.3127702494399051,-0.356662460703682,-0.30959383105949523,-0.30638085651073743
-0.34498240739912694,-0.3274305816804508,-0.3314768172791045,-0.3171032197715547
-0.36074485405142126,-0.3162789734444608,-0.30800876052017717,-0.2977069693143902
-0.3245323810526346,-0.323806165060918,-0.3769933406246802,-0.2989257335609301
-0.35924419921144984,-0.3619336008400749,-0.3255485717404331,-0.36544511817500575
-0.32772074785156025,-0.32803339616607763,-0.31637565644638405,-0.3045517099899158
-0.33127756249980594,-0.34441445652295277,-0.34003398151590475,-0.30093550901909033
-0.3357525705626242,-0.32327098048783065,-0.33314168863237814,-0.3086319320318098
-0.31277578895063246,-0.3415972553830175,-0.3310431528843162,-0.34807205780161793
-0.29953603254001177,-0.3391221947349454,-0.3184502061034627,-0.3339894757334415
-0.3377258296784361,-0.3268522108467187,-0.33573915646136693,-0.3412481931554498
-0.28365060904772227,-0.32651963916059423,-0.31589150523775394,-0.31558642935423925
-0.33315440192636175,-0.346488041298167,-0.3412025930024991,-0.3187991398940274
-0.3399070633488085,-0.32745933944046957,-0.3300552880994487,-0.3167940136441895
-0.33055909348276097,-0.3190191825911476,-0.32820588508829074,-0.3479895731371364
-0.32301603395615675,-0.3842588611863978,-0.34757240544511236,-0.36216464995198394
-0.3170114702651838,-0.3901575521606292,-0.3611862111901706,-0.3278566802978889
-0.31467095736093104,-0.30049914324985816,-0.29533814578359463,-0.33681039384682826
-0.32271544024453774,-0.3358957498658142,-0.3124044407785092,-0.3440579356003191
-0.34435810608811734,-0.34386689851238783,-0.333188312137685,-0.30887702861770533
-0.3083755955356265,-0.3524778881203199,-0.3642634040152514,-0.3034561991213252
-0.3193622348098511,-0.32285344955403206,-0.30657669000705146,-0.33012169198976404
-0.3241654169772956,-0.3051706026840693,-0.3322690682503648,-0.3613738026404322
-0.3763917899516213,-0.3707956920649114,-0.34409311354921834,-0.32421120823598415
-0.31967415314462944,-0.31662850427687517,-0.33258896793191106,-0.32282636102146844
-0.3226340023291106,-0.32590108210897545,-0.31586054793863844,-0.34532243350628755
-0.3306117404621058,-0.35115493199507297,-0.34837479060521404,-0.32045588059884617
-0.3037554530114928,-0.34720409659643314,-0.34115009133920593,-0.32081858321187723
-0.29042459069031273,-0.30888955939725843,-0.3467242579756437,-0.35345624744668647
-0.3459500730063816,-0.3447300578277052,-0.3096491634226204,-0.3362263806354817
-0.3463512755723076,-0.34287954229156553,-0.29704794654485245,-0.3499527112917038
-0.3698916988326937,-0.2768658474169419,-0.3255085950091778,-0.3220085437284031
-0.36700387539034857,-0.35569341396383136,-0.35662277905848166,-0.3219869116131538
-0.38144114304213483,-0.3297602747008527,-0.34083860852279907,-0.32423230825889787
-0.31280887787624617,-0.3181814377332303,-0.329162573968823,-0.3363760567394021
-0.31442140147903336,-0.35821361665650653,-0.3492187857235635,-0.3085490134571446
-0.32853628576040655,-0.3516038808724248,-0.3360327150159506,-0.36195984108978696
-0.32056067284681333,-0.35077007760393064,-0.36991453736802715,-0.3445980994347421
-0.3432251308659378,-0.2696228271173106,-0.3430845028399886,-0.334291811143954
-0.3513677460863044,-0.33342407600684343,-0.3028074207554916,-0.32158392242689426
-0.3483387669695749,-0.3363450118471228,-0.35413775604269365,-0.3492331063190959
-0.3181439542427362,-0.3472262451110818,-0.33648717589429994,-0.3269540147321587
-0.34915132322604187,-0.3251656622549642,-0.348020252497699,-0.3492547837455203
-0.3406165579067956,-0.2986005739461999,-0.339439886746928,-0.34202827561066024
-0.32065878512678886,-0.3404290575629949,-0.3191612354322829,-0.3309983332805352
-0.3127262113167319,-0.3178406552957519,-0.3325514516545664,-0.3111376021811876
-0.32747759917934766,-0.3491517850141681,-0.32316804084479633,-0.3292759626683209
-0.33404448603103093,-0.32812996475994244,-0.3592246182090535,-0.3257982220779616
-0.3502427383761945,-0.3187189092822692,-0.34193923755084576,-0.3414609403537993
-0.3348087541003262,-0.3386148512646203,-0.3174571342008739,-0.3576147803746293
-0.3074966612195152,-0.3260578854693018,-0.2978619633490268,-0.3155216496364323
-0.31113842957033444,-0.33749591041559734,-0.3416880362769553,-0.29198624923572375
-0.3045577465682661,-0.33508823204146043,-0.32081498641981226,-0.3012707615753427
-0.3232111891754552,-0.307473553842088,-0.36348061157298334,-0.33142612824388007
-0.2977256412479032,-0.33965491965048117,-0.3490201884829618,-0.3064214280688811
-0.33503138169407304,-0.31192365766536767,-0.3117630185361778,-0.3742121094085713
-0.3501975833666054,-0.34490809050420607,-0.3543730459587331,-0.34806727148189126
-0.3538554675019278,-0.3171842783622627,-0.3382523381511669,-0.3231441855932201
-0.30674231537687635,-0.34620531518236985,-0.3475465841037174,-0.3124227555506306
-0.32680188608531324,-0.3315936138404755,-0.3503191850081687,-0.3050253930067875
-0.35655012937905467,-0.3401467207464042,-0.31125562071369406,-0.33256490325850074
-0.36348132924253007,-0.3398029250186953,-0.2963076391696116,-0.3731550647702824
-0.3251720475799578,-0.3100004033166957,-0.28907026224900806,-0.34168817534748475
-0.3684796565681452,-0.35752295398974954,-0.32027726583047805,-0.33328627397771676
-0.33203620084680596,-0.33129841291039347,-0.32627285837251796,-0.3390444550385158
-0.334632193185582,-0.34144203242332927,-0.34103073135308415,-0.376621444163504
-0.35471065691560305,-0.32653008431332686,-0.2983122385306256,-0.3185301140782801
-0.33085976123936395,-0.3493282115441905,-0.31974578183962754,-0.3086043111568931
-0.3385150031418944,-0.3167684539516956,-0.32150142486781697,-0.34120322233472333
-0.3365003704146123,-0.3538892320551982,-0.33555596174666197,-0.30400639611176555
-0.3287576511182794,-0.29938661039626846,-0.294796730316452,-0.35154457391855726
-0.3709881728892338,-0.3498951463928815,-0.35453165119875835,-0.3565995572226072
-0.33128527805692626,-0.3232209603931928,-0.30850211656089027,-0.31653687877007164
-0.32083585065615267,-0.341112526603763,-0.3365784694421076,-0.31779439458776226
-0.3387996491717578,-0.3424671289231318,-0.31759097885928567,-0.3363464855599938
-0.3405329794277401,-0.3598769935184676,-0.30256724317701744,-0.31268139358318653
-0.2982404795692227,-0.3618256353292285,-0.3267128527008994,-0.32685461910094504
-0.3221665042243432,-0.35918821209170027,-0.3085766737456182,-0.30758133748055566
-0.31649886317844084,-0.3415937454600199,-0.3064432989628228,-0.35002402767125146
-0.32171728522299325,-0.3382999280871503,-0.32241278200507906,-0.30733082169925613
-0.33718243328419256,-0.31613734483856787,-0.33812301532128863,-0.328496899329977
-0.34452626802331604,-0.3572300074343343,-0.35731484673419117,-0.32741553366491505
-0.34024903423836966,-0.33771743440310154,-0.31344683387604216,-0.31142071786415965
-0.3073386086906758,-0.33951131596248385,-0.34842401085046676,-0.3446316712140223
-0.336318079397901,-0.32143587296188225,-0.3731780221440036,-0.33950080709220065
-0.3331758398587427,-0.3272169880293944,-0.3033929479496951,-0.294333348288984
-0.3422165346977737,-0.31197048008139744,-0.3178760788333895,-0.3355584789719793
-0.35477103549915057,-0.3558291292639656,-0.33396729150254234,-0.32248220424417656
-0.35150225508950705,-0.31354796895312953,-0.32751783979921467,-0.3230516148916479
-0.31962542305742714,-0.3502609389885031,-0.33616422557392395,-0.3404103680279215
-0.31752987743162064,-0.3556833536135609,-0.3274533542746773,-0.32211669437885626
-0.3438335972534015,-0.34181121633187495,-0.3257532942028765,-0.3456609898120301
-0.3427065257551691,-0.3511727382066165,-0.34085392642483636,-0.29666642136616517
-0.30985861553884136,-0.3094144971447361,-0.34564941498603385,-0.33940455442271855
-0.31476386961388725,-0.3192195125507379,-0.32343016695770616,-0.36280267810167854
-0.3382686914872164,-0.3462206254990334,-0.3299509250527666,-0.3406653789990646
-0.33439485545610986,-0.32336266487131904,-0.3342026352730946,-0.3381158818573691
-0.31728098511910996,-0.34104330457250215,-0.3507680875105839,-0.34012710812504654
-0.32922578458158475,-0.3204034328878378,-0.34231086311989906,-0.32342594529679997
-0.3277917348561772,-0.3113396213980342,-0.33207543740333983,-0.32170405993486023
-0.3432708286294026,-0.32473043417227115,-0.2954450982071183,-0.3414367594946246
-0.30158476402620804,-0.35926981417836484,-0.3362389675120532,-0.32844541071580047
-0.36160367065588106,-0.3008989257106268,-0.33973152231983517,-0.3327495283346513
-0.3061160579346596,-0.37335628683495714,-0.3206647897524717,-0.33820450503747485
-0.339545392899174,-0.32576332478562925,-0.32871846413683337,-0.30431036328190897
-0.3572248198439067,-0.3333110198857836,-0.31750357772963406,-0.36285720090056656
-0.29698772844470606,-0.33288719717917314,-0.3804778641130081,-0.3298765922454071
-0.31079383374020736,-0.3249936250478831,-0.36832182164686494,-0.340795126552293
-0.315868920631117,-0.36080940282186613,-0.29597393541536693,-0.330830371734656
-0.3146490009879644,-0.32681244624540334,-0.3342742538340029,-0.30371547328533105
-0.34758716869941775,-0.35271560223624343,-0.3170196228186715,-0.33809772504924984
-0.33094895452237016,-0.3385642545028616,-0.29702235655419396,-0.3356112189003408
-0.34234650070113837,-0.31651658145425704,-0.3104285920251167,-0.35613931050602643
-0.2873232624418725,-0.3364385792400275,-0.33983798177465735,-0.30541063008899305
-0.3425412570314182,-0.3428477253941949,-0.3776687616714521,-0.30648662127698745
-0.31889328134037176,-0.3104896658664792,-0.2994524953946377,-0.35015424618312696
-0.3084358106985554,-0.34964353805977727,-0.33187213000761123,-0.3338599105768266
-0.3235641413827168,-0.3358744222616,-0.3311925735348906,-0.3114071154535236
-0.30062864518658167,-0.3417431631958355,-0.32429173492739666,-0.33858378149305557
-0.33415253970799286,-0.29766166583182674,-0.3281905823533787,-0.3178622341134735
-0.29548372866931594,-0.32716716830677767,-0.33901650621767715,-0.304469750869366
-0.34922719467308283,-0.34354860091202416,-0.3408364412022125,-0.3346668644594384
-0.34032292988345725,-0.3553165628508003,-0.30921270079491037,-0.31858288342276353
-0.32724875518400753,-0.3725718485231813,-0.327407756156081,-0.3333378733331898
-0.30581704590797126,-0.3166702128888543,-0.34964549042425125,-0.33669992984027547
-0.3324033864550104,-0.337084605136123,-0.34810085909630833,-0.3224740169054984
-0.32736173502048777,-0.3249775300217453,-0.3514792842175223,-0.29431113009538185
-0.34408386004380437,-0.34413187240185267,-0.34581685366525705,-0.33470167900945624
-0.3402480183935969,-0.3295091861616657,-0.2977282627570045,-0.3412704154823336
-0.3035255750202169,-0.35010322041361813,-0.29602129922779286,-0.3297994582122985
-0.328101625367475,-0.3345111748672967,-0.3049440839058411,-0.3409152880398214
-0.3547413076214658,-0.31408026808453177,-0.3386046036312859,-0.3552547784252719
-0.3642535304097096,-0.33466299440649505,-0.3499910313819024,-0.35763484997046435
-0.344237471635876,-0.32946377464393134,-0.36233121591855966,-0.31298448708691495
-0.3346209066801794,-0.3253883469358126,-0.33787480090489747,-0.3422066388254691
-0.3042644761393458,-0.3377185811739952,-0.35057780740049077,-0.3498751704188339
-0.2908269569953652,-0.31916227569848743,-0.3141762214792567,-0.31255783650747304
-0.34402829604578444,-0.33412403469141666,-0.3731879172302212,-0.30325126456168083
-0.3643716008514,-0.3304902180518309,-0.3333540467032664,-0.3304330824567423
-0.3643840338032715,-0.379983166417936,-0.3189189345695311,-0.33268597805576794
-0.31718771186390493,-0.33088451147719206,-0.3113596295904667,-0.3185738805131994
-0.3247563409256821,-0.349448500085807,-0.37601781078053637,-0.32471962266762533
-0.3149526025086475,-0.3507418607765997,-0.3178052749126306,-0.34408299604496745
-0.3036233508795057,-0.34558846558786566,-0.3360478569192638,-0.32791353290748076
-0.31269015780489384,-0.3248964392048988,-0.34614299964572276,-0.3199226603246521
-0.3317164670127719,-0.31836606880431806,-0.3004925355632516,-0.348798208575581
-0.31758706426196864,-0.3265201043038879,-0.3595872693190498,-0.32584541868805156
-0.34450036109490795,-0.3437799066063695,-0.3387916779341565,-0.3081381169447164
-0.31165348412158966,-0.3107958043675432,-0.33614985670666075,-0.36078441694912017
-0.3459690206307235,-0.3655931197395473,-0.30928087457031644,-0.3569246664366322
-0.32352713877306116,-0.3454716909817547,-0.3645634316313786,-0.35550157075461
-0.35198773193412247,-0.3519914795771583,-0.3127938896385011,-0.3436530803497863
-0.30304045747249975,-0.33277455499807557,-0.3330024255769757,-0.3262375447958179
-0.3143591564872937,-0.3069225402317301,-0.3284467048942648,-0.3073160888762226
-0.3441324372826997,-0.3289060989853825,-0.31067606560337885,-0.3205476932060575
-0.36966359907788776,-0.34214821541835927,-0.33684791447729806,-0.3354070681471102
-0.3132514155853183,-0.3260435371033351,-0.30408437853275927,-0.3459886109928812
-0.3093150244271952,-0.32220475311634106,-0.3320277867448542,-0.32299062808241524
-0.33757622491667794,-0.3160609981773103,-0.3248625912875732,-0.3259449452528748
-0.3154363950984588,-0.3478762703848101,-0.35648753105421394,-0.33867963423433817
-0.3366437380478815,-0.3825549752982623,-0.36036066023069674,-0.349998590592985
-0.35170851715608276,-0.33039057106597314,-0.3768373778785533,-0.3519403951265963
-0.31372813481493195,-0.3471181861201466,-0.34737046812112865,-0.3009920652288574
-0.291883495279944,-0.3307669376299921,-0.2994207923986491,-0.33950270357363416
-0.34599812436412086,-0.3132407294878784,-0.34644301732550853,-0.32870895926581367
-0.3331116799503984,-0.34971407040224806,-0.334363920895632,-0.3213504180024809
-0.33566458605513305,-0.32203327614675065,-0.3339638552171141,-0.2945302014455716
-0.32847569395087095,-0.3339237767505197,-0.3443823732004443,-0.35855019636408597
-0.34349575745876465,-0.331520669234267,-0.36339490090552745,-0.3362030440745118
-0.33495786505864883,-0.3276913689874158,-0.34528599885921313,-0.3111026631025225
-0.34539862022161316,-0.3395592903512066,-0.35156931215207904,-0.3191167533605173
-0.32419457391784107,-0.32943155526338225,-0.32961467850201925,-0.34992265089906505
-0.3294480436110044,-0.3498217716422432,-0.31849437862198215,-0.34811542508551474
-0.3153254552268136,-0.3444355186801894,-0.35511601187888037,-0.3128962426130496
-0.3329375757822653,-0.34227866998468237,-0.3245177942402253,-0.341832571842511
-0.3320791426428776,-0.33876379006766255,-0.36658228643620555,-0.34090991232487833
-0.3377959584114781,-0.3331502793861502,-0.32338909508754876,-0.32459358242425645
-0.34526619409091075,-0.3647001220275462,-0.35217687134956366,-0.3390911846518953
-0.3039448730655796,-0.33707827445677707,-0.3192623803916686,-0.33563257003086544
-0.2991841247681925,-0.33542351911531954,-0.338715412166524,-0.33268307543113945
-0.3318327828774171,-0.36288375533061307,-0.31734231959594666,-0.3439094686678031
-0.3275992758828345,-0.2992344345494775,-0.3103951055225675,-0.33827045979439896
-0.3216470958271838,-0.3428350639220022,-0.3359732944325829,-0.3084781406849382
-0.2914026192591794,-0.303014895508452,-0.3979720499421595,-0.30926729772903183
-0.32047760552189464,-0.36462667826972844,-0.3083988476767369,-0.34157368643656044
-0.31884482001586156,-0.3281284520071316,-0.30650368568528824,-0.3369567131029228
-0.3325305513799765,-0.30818128973451814,-0.34134469505400844,-0.3170068788337253
-0.32494327044343296,-0.33222869936164645,-0.33486845345145005,-0.35970038912513896
-0.3164159648068509,-0.2986135542005384,-0.359433625336888,-0.3331241740626028
-0.34402119439587076,-0.3194335539390674,-0.3464903948961533,-0.32723932366883135
-0.32345647170951275,-0.3227969226122591,-0.32627185581496104,-0.3040557855965217
-0.30676945351495166,-0.3301206802400747,-0.3304121279078863,-0.33105198908625294
-0.31021977616136365,-0.3184616464578915,-0.31856471290787747,-0.3329476459612218
-0.30199886296361306,-0.3464113656852164,-0.32552572359410925,-0.33725312489979525
-0.31172869494251215,-0.36562326616029767,-0.3496108006050845,-0.3218570795849588
-0.322626833978923,-0.3920166612171822,-0.30914735557885137,-0.3333812125048454
-0.3282177142491406,-0.32916468387544173,-0.33080237840556526,-0.351009496763974
-0.2920812094843416,-0.3552915261984085,-0.33030114623226686,-0.3530144346485639
-0.30822850669147117,-0.35498065209542956,-0.30602332894950157,-0.31790810974183237
-0.31880057026989256,-0.32401254315716993,-0.30865453544580207,-0.3282876541929769
-0.3221486471181582,-0.32547811911436503,-0.33868551792486334,-0.3254565285076496
-0.34191154982865063,-0.35439661012964363,-0.35130870907225653,-0.3332290237182774
-0.3264228187044881,-0.36466680233707216,-0.32053529014175475,-0.3258611684870089
-0.3455855755469214,-0.32104165921237393,-0.32885075988664164,-0.3493103069149361
-0.28684134144795864,-0.3519810321927516,-0.35060589831304934,-0.339585221460939
-0.36875222375405636,-0.32109472974622366,-0.34795073986648345,-0.33982137627913195
-0.3044475851827949,-0.34812125170680436,-0.332942223263634,-0.31701907377003813
-0.3199409857648985,-0.3132688851985693,-0.30249339349021265,-0.3698915809961784
-0.33649476118595395,-0.31341274912147943,-0.33324119580199807,-0.3175590388461909
-0.3545342944273886,-0.3347954062070818,-0.3506642816539594,-0.30131410641047884
-0.32627789732282797,-0.3092953365438702,-0.34130719853104813,-0.3239330059716483
-0.3405444526650092,-0.3392529063527351,-0.30951053046336086,-0.35515023234409276
-0.33607670129541206,-0.3176650470671084,-0.34854627898217133,-0.363038843620046
-0.3078391282791825,-0.3014290863699893,-0.31875801620691585,-0.3326519646258708
-0.3518413258593469,-0.3316761981309459,-0.34591192787362235,-0.34702956312251465
-0.3288971371362311,-0.34639796695351677,-0.33698592128314286,-0.30347810326897084
-0.335014442474358,-0.3271070452529518,-0.3390944283210531,-0.313805921413732
-0.3176776902578502,-0.3455148910823243,-0.3734232687251524,-0.3284029479399983
-0.34477627965011204,-0.3313865171646496,-0.3389156602912087,-0.35258574657348246
-0.3309265336408708,-0.34149176685964977,-0.32662202411713764,-0.3209544583563103
-0.3491859670110111,-0.3255858672307537,-0.29955612154160793,-0.33084790173687256
-0.34424621926638443,-0.330101525524529,-0.3088098432101715,-0.31340082168601513
-0.30629214320046905,-0.3278154362009283,-0.3475589335577259,-0.35788774646277743
-0.3054844533661324,-0.3338934675671965,-0.335018249409445,-0.3622093610854237
-0.34847925528788276,-0.33062902880619327,-0.3289074822231043,-0.30617326992040717
-0.3550918906070016,-0.3238076803696747,-0.34005214889923585,-0.31599276160636025
-0.3412137908069308,-0.3300903831919393,-0.3173310292382068,-0.33094292877062187
-0.3136436377302731,-0.30767868793924424,-0.316534877361127,-0.34946956788473904
-0.3213763493895794,-0.30969934229529605,-0.3616708740672444,-0.345832739502536
-0.33825679241227363,-0.3363206249162766,-0.3472655488830972,-0.34317288965235004
-0.355908400751404,-0.33961809433645623,-0.3535248784661609,-0.33781706423515684
-0.3423638152835728,-0.32442570121073067,-0.32127555645641037,-0.3414284414657553
-0.33384136703246187,-0.33294717235876514,-0.312529511695913,-0.3088547739026882
-0.3032646477081417,-0.3424637456018141,-0.3320843984617282,-0.33527391943750984
-0.332833419908574,-0.3162703758559642,-0.31351616410202654,-0.32794119391949067
-0.3400664061678647,-0.32401591440149197,-0.3364886194764468,-0.30999679911014666
-0.31829624219562996,-0.3116692682912465,-0.3168068356611223,-0.3188942831769911
-0.3284542700227161,-0.3349461203409884,-0.3400699181542092,-0.35604995998010636
-0.30325904191950803,-0.33666929900912246,-0.3559726952830713,-0.328292244202395
-0.36582758097139506,-0.2928487472256916,-0.3387415403310815,-0.35502139229878493
-0.3374629946343703,-0.30983353750936293,-0.32043476451327374,-0.3432136763585134
-0.3169523237814442,-0.3300669861572046,-0.341424081850884,-0.31225080021286183
-0.3123014548151269,-0.33419265812956017,-0.31205786537565816,-0.31429884012646153
-0.34385268354384424,-0.3523664477750047,-0.32612560521425155,-0.3155073853413054
-0.33905546694739114,-0.34085531641112427,-0.29841801754945174,-0.3433516403988225
-0.3142503199355398,-0.32589569466115814,-0.34862973277687487,-0.3538403563539007
-0.336126890039605,-0.3316972848913248,-0.3600259283384054,-0.309813673785864
-0.35695337713978914,-0.3529216181686919,-0.34203652229226145,-0.3420628559897907
-0.348093466927767,-0.3434797255909703,-0.3338161564918347,-0.3246064861901501
-0.3353921388733098,-0.32252742693855674,-0.3269074338755849,-0.31697219514693215
-0.3409671294881486,-0.3091042871289505,-0.3299045604446184,-0.30789663128298206
-0.35200315572279195,-0.34657256096411393,-0.3660209164005369,-0.3297909963148872
-0.30068033659651205,-0.2934932753289181,-0.31465984394277935,-0.31335862777850654
-0.3188328391826578,-0.31045449666899533,-0.3210410220458555,-0.3401842051658171
-0.3490376640935298,-0.328259111686446,-0.2932470592475261,-0.3162504330694204
-0.3530232767592492,-0.30645611770953585,-0.3467598068192018,-0.31322442639439585
-0.36368350157154083,-0.33519638817006275,-0.3245107534724386,-0.32654363021498156
-0.34244042055778995,-0.31451570099078346,-0.3213758563382782,-0.35341703882380643
-0.35379994932373154,-0.3452754811915896,-0.331052018057418,-0.32089759633170734
-0.34225304062119294,-0.32956625370707215,-0.31386387836198304,-0.33509363758676924
-0.29594540263858266,-0.3394827444355265,-0.3450980933065651,-0.3123272960879887
-0.3023905981870946,-0.31694728426714774,-0.3023363547562767,-0.34132134129378416
-0.3455128299443683,-0.32775438501413356,-0.34098360806767514,-0.32654255190306236
-0.3232292472231441,-0.31331157563258377,-0.34352264828041473,-0.33666481938225024
-0.31982261553139146,-0.3165796188614964,-0.29955244865209907,-0.34848375511451496
-0.3238351988043699,-0.31399842070019146,-0.2932995258697542,-0.3169061751556733
-0.36151063215450036,-0.3090919128446452,-0.34010932967752605,-0.3413686734757411
-0.3189642652797167,-0.32411108881671113,-0.3551789642692254,-0.3250919532416452
-0.3156828504070351,-0.3008471508927501,-0.332550206869651,-0.36164169331724605
-0.35628148539949805,-0.32441444514361584,-0.3464110809378791,-0.3083300214764324
-0.3174353371651964,-0.3609666077734163,-0.34203476417021544,-0.30652530926518795
-0.33126859472032283,-0.36469309024200547,-0.34357000093429924,-0.32556746265390807
-0.32684020641909045,-0.31268539082220514,-0.3336095747114019,-0.3234626810173402
-0.35093707067253255,-0.33046075226894656,-0.345471641472761,-0.3107779439202202
-0.3276249485527606,-0.3078694822415705,-0.346847852099711,-0.3217248745341195
-0.32469323344490236,-0.3179428066839694,-0.34516380158725235,-0.31919736976070684
-0.36738773726163293,-0.32123910754824775,-0.3041714961187394,-0.3208779469122584
-0.33798577731682594,-0.34819529821070977,-0.37372603860336034,-0.313450163145694
-0.3336964370564746,-0.32464559643098057,-0.3278708793387514,-0.3172981767031856
-0.3182016592172153,-0.3003570579672651,-0.3829150388674113,-0.2985348112515629
-0.3265452891485131,-0.3669457254830321,-0.34161835774996613,-0.3109061500175624
-0.3264125769458991,-0.32231437173452593,-0.35902467305483937,-0.3447740419312631
-0.3337083117418627,-0.311553567976819,-0.3459424649258923,-0.34909727887839676
-0.33275289604817093,-0.35486115162386483,-0.30818207309636764,-0.35480593424347223
-0.3367371701102417,-0.3301995494738472,-0.3231368079164822,-0.3437806767813168
-0.29777598383544757,-0.3456331049976392,-0.3381752058268538,-0.3315161522506883
-0.3206908156153862,-0.3316164593665125,-0.3648584981111376,-0.3585626471049513
-0.32627148145725715,-0.32438758166710363,-0.354485255239554,-0.31061367386424193
-0.33704384824517986,-0.3485176380395514,-0.3377186510357871,-0.3219725421822283
-0.3379783751734467,-0.32982860972164707,-0.3624825796950372,-0.30315484923229225
-0.3161192385057053,-0.32615939093415536,-0.3017566753781119,-0.31861951025723706
-0.33499169318994176,-0.35052498908853297,-0.3408359137583366,-0.33274009154189726
-0.34614558557586567,-0.339926641729829,-0.33199708988766263,-0.32836259990170036
-0.34544790516505225,-0.30026137036903267,-0.34813733887088116,-0.322394746903566
-0.35457093616590307,-0.3341176220430428,-0.33564279427475,-0.3465630177651442
-0.3087712026575302,-0.31792996159358017,-0.3277691311119161,-0.32298486788128067
-0.31732184595527374,-0.3410304670372081,-0.3326806629591636,-0.3364738860869021
-0.3576179307814874,-0.31805304552849206,-0.3360847995822633,-0.33267867588637323
-0.3628422572471237,-0.32327685606517015,-0.294907738139736,-0.33362629342112354
-0.3163324474629126,-0.3240907373772194,-0.3130837739632419,-0.3377358200477673
-0.3163221688687138,-0.3478532029389017,-0.3307945727797751,-0.30193821882530003
-0.31355273517040283,-0.3146206573803157,-0.3139203548423696,-0.34548054100497017
-0.37526609412822215,-0.31805688765426005,-0.3373209293538104,-0.31037407348157053
-0.31875487555967946,-0.3334078134287779,-0.3366940654457527,-0.32813449458674243
-0.3199564156739153,-0.354882438157478,-0.3110748468716789,-0.33661997877098254
-0.3141820982957958,-0.32822925255854213,-0.3727460732875501,-0.3424336535238119
-0.3314508869672941,-0.34073625006731567,-0.30895620701605114,-0.3268154962954034
-0.3394679639992577,-0.3317256196994813,-0.30867151363192435,-0.3184840009049525
-0.32578931326820026,-0.3781500132350796,-0.336122073339649,-0.33154619623506176
-0.33715566598133534,-0.34950986707071485,-0.30772591931699717,-0.3237215618171089
-0.34867394099868093,-0.3411211297584752,-0.3663212671693469,-0.3603080647365927
-0.3340928343562898,-0.3321422245578562,-0.3105450219813762,-0.3461582834544027
-0.31819337225388167,-0.3427460628741029,-0.3346608291396168,-0.32892630812039847
-0.3483708293808185,-0.3400802250956264,-0.31772717427701375,-0.3132507422765299
-0.3668492637715358,-0.30847532464921557,-0.30000026023579707,-0.3504736377073588
-0.3338176744347643,-0.34979809843039184,-0.32296487206670105,-0.35420616677574523
-0.33613747027318625,-0.3296094703015816,-0.32495026770533736,-0.3598902138602537
-0.3248690210786752,-0.33179206369995634,-0.32385276352129616,-0.35849473471402177
-0.32236228390147686,-0.3136742751522454,-0.35997358032145965,-0.35049593900693515
-0.3553623114121803,-0.36904123336611827,-0.3322314198525802,-0.3384277517215683
-0.30659288551700026,-0.3121683373548019,-0.32179243910385097,-0.3363083249313137
-0.33094011362039083,-0.30625882228478374,-0.3159103703697445,-0.3234140811082845
-0.3052002605252277,-0.345984197608485,-0.35226313792676006,-0.3202303701962064
-0.32839868507830966,-0.316074222978397,-0.3288836031837979,-0.3333473709923032
-0.35437981652673256,-0.34622924294596225,-0.35674541772716034,-0.3221558852669813
-0.35308744181232715,-0.33209484297396646,-0.33780612044715164,-0.3135517656019936
-0.31017536015811215,-0.33903881506692546,-0.3378836000110929,-0.31796322773113983
-0.346833576828049,-0.29031823880806285,-0.34673386538054074,-0.34479666653955515
-0.3501158866749559,-0.3172843018111634,-0.3376218424672662,-0.31300410615298785
-0.34085867900719086,-0.3108505703407413,-0.36310243201127784,-0.3192385171830236
-0.32156668168123725,-0.32634480210313543,-0.3088204428139616,-0.3237609036745989
-0.3576043899384493,-0.34239007369599594,-0.32679098689437047,-0.31529080112436547
-0.3108110602006343,-0.32983207812520365,-0.3274958560396031,-0.2929959939787713
-0.3472244239496884,-0.2986075485625805,-0.3222690044853825,-0.35029782923388714
-0.32400124582809636,-0.3180550032732651,-0.3072185558646839,-0.3545839834308557
-0.36823519727795617,-0.30735858065788996,-0.3774545881605517,-0.33984415399674206
-0.35895854066098415,-0.3394226101873169,-0.3289228874119565,-0.30094153113978656
-0.2996384094439118,-0.35811061244123255,-0.356965765914946,-0.3201933360185963
-0.3247789806253465,-0.31676453598265003,-0.36653582915609334,-0.3202083966907683
-0.30940370829639174,-0.3482158806141066,-0.30892612184211193,-0.3295243518927173
-0.3449615163617509,-0.3198983301058586,-0.33301854374349155,-0.3512737092284353
-0.31716489756276395,-0.3365424358189895,-0.3418124600731189,-0.3403011535397015
-0.33697401440841124,-0.3228813293642999,-0.32101995468551003,-0.3471548054503729
-0.32424599304501506,-0.311086903494319,-0.29172832994129305,-0.31929100729143856
-0.31743407101880194,-0.3596895093400181,-0.320137173572969,-0.3292665009218739
-0.3413985455214532,-0.3324419060617295,-0.3550331431646896,-0.3413827622601753
-0.33918534734610833,-0.3394021901808728,-0.3185812049911682,-0.3372158707823618
-0.3498759633832805,-0.3283348215472259,-0.31911561018010653,-0.3314325388262721
-0.32947259624113007,-0.32247722633121007,-0.3581845140815884,-0.30387329053866097
-0.3089589169455707,-0.3505741466373113,-0.34695940689722354,-0.31822558912194776
-0.2862281421207169,-0.34435548156031626,-0.34340203611604486,-0.3186911579652041
-0.31108431917630447,-0.31901282122390456,-0.38067213403977107,-0.33903280713007233
-0.32441491210533274,-0.328709630444115,-0.38854708508695063,-0.3359693808733984
-0.31220444481389525,-0.31628505799414486,-0.3491120925849116,-0.3219277028219402
-0.31801504717185697,-0.37628658116416724,-0.33532625380403447,-0.31366776973550536
-0.31700476956874635,-0.3227306779895288,-0.3344155540619424,-0.31852549859141943
-0.3579874395250388,-0.3195742191212646,-0.34588808733129955,-0.3326566601753828
-0.3010797571526295,-0.3097765074500154,-0.30713797874220333,-0.34520265036742115
-0.30421506224918893,-0.33283630173013456,-0.353454206879213,-0.31834961051222554
-0.32883599917742007,-0.3110769972373647,-0.2966594286953299,-0.3141209905437007
-0.35706966416313124,-0.31642833728256486,-0.31281465575704615,-0.3284714625455822
-0.33035861888157003,-0.364549714150235,-0.32198526654388915,-0.348219003349951
-0.3358676420050553,-0.32793515999188916,-0.31280939950205816,-0.33211472748958787
-0.32889021030770405,-0.3242938525089795,-0.33483171161053926,-0.323975686239712
